;companyId;companyName;ticker;price;gestao;dy;percentualcaixa;numerocotistas;patrimonio;p_vp;liquidezmediadiaria;dividend_cagr;cota_cagr
0;777;BTSP II FUNDO DE INVESTIMENTO IMOBILIÁRIO;BTSI11;0.0;Ativa;0.0;0.3145;52.0;17840248.27;;;;
1;107;General Shopping Ativo e Renda;FIGS11;63.6;Passiva;3.4906;4.6539;17545.0;268516555.33;0.675;369420.49;-38.5537;-3.1916
2;531;FDO INV IMOB - OURINVEST FUNDO DE FUNDOS;OUFF11;80.9;Ativa;8.7894;2.9047;8763.0;154190063.7;0.952;260072.51;;
3;622;PÁTRIA LOGÍSTICA FUNDO DE INVESTIMENTO IMOBILIÁRIO;PATL11;81.85;Ativa;6.7815;2.3518;12060.0;477672328.39;0.8553;1401047.15;;
4;148;Polo Recebíveis Imobiliários I;PLRI11;48.0;Ativa;6.1008;4.2291;788.0;48975327.25;0.9353;13916.46;-19.7233;-15.936
5;58;Vector Queluz Lajes Corporativas;VLJS11;1141.14;Passiva;4.7953;4.8607;12.0;47842639.76;1.4067;;;
6;762;BARZEL FUNDO DE INVESTIMENTO IMOBILIÁRIO;BZEL11;0.0;Ativa;0.0;0.0098;2.0;538876263.48;;;;
7;666;HSI RENDA IMOB;HSRE11;97.0;Ativa;3.0619;1.8898;35.0;828949804.14;0.9967;830743.44;;
8;143;Kinea Índice de Preços;KNIP11;109.8;Ativa;10.9381;1.5803;56372.0;4813931680.49;1.0751;10225689.63;10.5056;1.181
9;147;Ourinvest Cyrela;OURE11;88.86;Ativa;9.6779;11.3777;3739.0;81665559.54;0.9052;100290.85;8.5556;-3.5378
10;544;RB CAPITAL OFFICE INCOME FDO INV. IMOB.;RBCO11;58.0;Ativa;9.5591;3.3833;4442.0;380688536.33;0.5757;180349.2;;
11;493;Rio Bravo Renda Educacional;RBED11;144.0;Ativa;8.4653;5.0445;12007.0;303858209.87;0.9581;213029.9;-5.6203;-1.4172
12;136;RIO BRAVO IFIX FDO INV IMOB;RBFF11;64.2;Ativa;9.4824;0.2116;20766.0;260724399.45;0.9245;676520.68;1.5786;
13;730;SOLARIUM FII;SOLR11;1220.0;Ativa;3.2147;3.5561;32.0;65455532.6;1.1721;1220.0;;
14;99;Kinea II Real Estate Equity;KNRE11;2.48;Ativa;2.817;21.1058;6769.0;38017665.53;1.2098;18648.37;;-37.2559
15;144;Mogno Fundo de Fundos;MGFF11;77.0;Ativa;8.8388;9.1726;50761.0;749842707.48;0.9294;2289337.39;-5.8696;-6.5657
16;753;PERFORMA REAL ESTATE;PEMA11;84.0;Ativa;4.5635;3.3634;68.0;54285850.43;0.8542;68834.2;;
17;652;RB Capital Recebíveis Imobiliários;RRCI11;84.98;Ativa;5.2532;0.2184;1928.0;46285089.7;0.8845;174995.78;;
18;55;Cyrela Thera Corporate;THRA11;138.5;Passiva;35.8006;1.9735;2093.0;167617956.8;1.2169;105789.96;91.6402;10.0201
19;160;Fator Verita;VRTA11;111.74;Ativa;8.7256;6.1041;91324.0;1003482292.8;1.1135;2077545.15;-7.3516;1.6808
20;42;Memorial Office;FMOF11;73.41;Passiva;1.7981;1.3537;363.0;67036039.33;0.5563;6627.76;20.4227;-2.4166
21;137;Hedge TOP FOFII 2;FOFT11;123.0;Ativa;0.0;5.1009;3846.0;131819480.59;1.1161;;-47.711;12.7121
22;100;Lateres;LATR11B;120.0;Ativa;6.2428;111.4961;163.0;3589511.84;4.1494;930.0;;
23;12;Mérito Desenvolvimento Imobiliário;MFII11;116.9;Ativa;10.1967;31.4421;29533.0;471039211.8;0.9862;943928.93;-4.8104;
24;603;MORE REAL ESTATE FOF FII FDO. INV. IMOB.;MORE11;87.98;Ativa;10.1387;0.3046;7068.0;225352792.68;0.9054;722967.61;;
25;115;RB Capital General Shopping Sulacap;RBGS11;38.75;Passiva;3.595;0.4729;2905.0;97675616.59;0.4277;25135.59;15.023;-5.2259
26;589;TORDESILHAS EI FDO. INV. IMOB.;TORD11;10.16;Ativa;13.0064;12.6612;71449.0;368897889.28;0.9667;1339972.8;;
27;646;AUTONOMY EDIFÍCIOS CORPORATIVOS FUND. INV. IMOB.;AIEC11;84.9;Ativa;5.9953;4.6806;3055.0;483563218.73;0.8471;768191.12;;
28;35;Reag Renda Imobiliária;DOMC11;439.0;Passiva;0.0;0.0318;1158.0;269460438.3;3.9815;17499.67;;2.3042
29;47;CSHG Real Estate;HGRE11;141.19;Ativa;6.3531;2.1994;112225.0;1993908332.77;0.8368;2875278.12;0.3367;5.4268
30;665;HEDGE RECEBIVEIS IMOB;HREC11;100.1;Ativa;7.5924;1.6881;251.0;113587072.45;1.0368;1462133.55;;
31;541;JPP ALLOCATION MOGNO - FDO INV IMOB;JPPA11;98.4;Ativa;9.7713;9.245;498.0;63016274.7;0.9431;61429.61;;
32;618;MERITO FDO. AÇÕES IMOB. FII - FDO INV. IMOB.;MFAI11;90.5;Ativa;16.4751;0.0;3774.0;28247890.8;0.9713;90836.44;;
33;518;FDO INV IMOB VOTORANTIM SHOPPING;VSHO11;81.16;Ativa;2.2585;2.3782;1852.0;213521425.45;0.7977;40739.05;;
34;108;Vida Nova;FIVN11;2.99;Passiva;0.0;0.0;2881.0;64722802.83;0.4346;55572.68;;-2.2372
35;11;Kinea Renda Imobiliária;KNRI11;139.8;Ativa;5.7511;1.4103;236956.0;3833230862.74;0.881;4962314.49;-4.3931;-1.8599
36;22;Hospital Nossa Sra Lourdes;NSLU11;250.01;Passiva;9.5041;2.0381;7617.0;244478758.64;1.1707;239649.68;7.1792;4.8349
37;48;The One;ONEF11;143.2;Passiva;5.405;1.062;4162.0;146317021.91;0.8916;93541.61;-2.8448;3.9468
38;74;OURINVEST JPP;OUJP11;98.15;Ativa;8.2167;17.0105;21214.0;335816504.46;0.9506;850458.78;-8.239;-0.7823
39;507;FDO INV IMOB OURINVEST LOGÍSTICA;OULG11;67.55;Ativa;9.8057;5.6691;6940.0;230732500.99;0.7264;179697.95;;
40;14;Panamby;PABY11;12.58;Passiva;0.0;;447.0;-6281734.3;;3090.38;;-20.3973
41;515;FDO INV IMOB TOURMALET I;TORM13;833.0;Ativa;5.4566;1.3924;206.0;156286762.31;0.3821;833.0;;
42;60;XP Corporate Macaé;XPCM11;42.28;Passiva;20.1041;2.2851;32958.0;171994554.85;0.5936;311697.68;-5.0511;-22.4145
43;502;GENERAL SHOP E OUTLETS DO BRASIL FDO INV IMOB;GSFI11;5.0;Ativa;0.0;0.1406;5549.0;909359665.72;0.3765;180057.46;;
44;8;CSHG Renda Urbana;HGRU11;120.49;Ativa;7.0047;0.8349;135358.0;2163884197.45;1.0249;5070547.27;0.7212;4.6605
45;651;KINEA SECURITIES FDO. DE INV. IMOB. - FII;KNSC11;103.0;Ativa;7.2913;7.5213;28151.0;609038202.35;1.0874;3908510.76;;
46;113;Malls Brasil Plural;MALL11;98.0;Ativa;5.6122;1.2169;86382.0;791839514.98;0.9357;1445086.27;-9.822;-0.5716
47;103;Grand Plaza Shopping;ABCP11;74.39;Passiva;4.3958;1.3738;19167.0;1080029904.46;0.8406;127095.41;-7.0953;-1.5293
48;661;HSI LOGÍSTICA;HSLG11;103.0;Ativa;3.6796;4.1201;15334.0;1427886592.07;0.9132;973711.76;;
49;523;HSI MALL FDO INV IMOB;HSML11;86.2;Ativa;4.9768;2.1014;123703.0;1498621894.76;0.9077;2735566.37;;
50;24;Hotel Maxinvest;HTMX11;109.6;Ativa;0.0;1.0828;24298.0;163876726.41;0.8407;250365.8;8.6034;-3.111
51;601;HUSI FDO INV. IMOB.;HUSI11;1040.0;Ativa;0.0;18.5198;79.0;95668033.38;1.091;3120.0;;
52;534;FDO INV. IMOB. FOF INTEGRAL BREI;IBFF11;67.29;Ativa;7.2357;2.3693;5492.0;53986138.11;0.8309;182295.2;;
53;714;JBFO FOF FDO INV. IMOB.;JBFO11;95.56;Ativa;1.3656;0.6043;352.0;119504763.75;1.0228;165944.36;;
54;715;JFL LIVING FDO. INV. IMOB.;JFLL11;87.16;Ativa;3.6255;1.9009;1632.0;145090606.23;0.9014;108593.78;;
55;119;SPA Fundo de Investimento Imobiliário – FII;SPAF11;0.0;Ativa;0.0;4.8909;1.0;11316795.08;;;;
56;159;Votorantim Securities Master;VOTS11;87.89;Ativa;5.3214;11.5142;303.0;82221681.62;0.885;3057.52;0.0496;-3.5643
57;133;Capitania Securities II;CPTS11;99.8;Ativa;11.3226;14.0175;101296.0;2458261150.77;1.0467;11096835.0;6.9003;0.2686
58;36;Multigestão Renda Comercial;DRIT11B;113.7;Ativa;3.4565;0.8335;306.0;60667772.56;0.8683;2519.72;-20.1232;-1.5072
59;43;Projeto Água Branca;FPAB11;241.99;Passiva;7.802;1.2368;973.0;335907327.52;0.5403;20878.35;-12.928;-7.8747
60;67;CSHG GR Louveira;GRLV11;104.51;Passiva;104.4206;2489.4369;2604.0;6407890.29;17.5059;753753.27;135.252;-4.3027
61;533;FDO INV IMOB GREEN TOWERS;GTWR11;100.83;Ativa;8.0965;0.4313;26935.0;1210845452.74;0.9993;1657278.46;;
62;664;HEDGE AAA;HAAA11;100.0;Ativa;4.25;1.2695;116.0;260387708.16;1.0408;42411.48;;
63;539;HABITAT II - FDO INV IMOB;HABT11;130.35;Ativa;13.1569;24.554;30038.0;536446500.11;1.3151;3331623.07;;
64;654;HECTARE DESENV. STUDENT HOUSING;HCST11;96.15;Ativa;0.0;15.8368;94.0;30376698.79;0.9083;1869.28;;
65;111;CSHG Brasil Shopping;HGBS11;200.1;Ativa;2.8536;0.3956;81789.0;2131346004.67;0.9389;1696301.41;-30.2681;0.2225
66;572;HEDGE LOGÍSTICA FDO. INV. IMOB.;HLOG11;111.5;Ativa;6.8879;1.5409;4010.0;505866429.64;0.9367;113252.34;;
67;492;Hedge Shopping Praça da Moça;HMOC11;226.95;Passiva;66.1511;0.6708;209.0;91223530.5;0.9504;69159.67;122.1761;
68;573;HEDGE SHOPPING PARQUE DOM PEDRO FDO. DE INV. IMOB.;HPDP11;81.49;Passiva;3.2274;1.4757;397.0;279262818.98;0.8488;620641.37;;
69;540;HEDGE REALTY DEVELOPMENT FDO INV IMOB;HRDF11;1.45;Ativa;0.0;65.944;1381.0;11820174.62;0.9295;17273.46;;
70;744;CORE METROPOLIS FUNDO DE INVESTIMENTO IMOBILIÁRIO;CORM11;113.0;Ativa;3.1858;4.899;91.0;90158410.27;1.1497;485760.58;;
71;62;Caixa TRX Logística Renda;CXTL11;409.91;Passiva;4.105;0.6134;663.0;34506021.04;0.6367;18923.15;5.5257;-6.4078
72;498;MAC FDO INV IMOB;DMAC11;11.71;Passiva;364.9474;10.1341;2118.0;1431702.82;1.277;22904.83;;
73;696;FARIA LIMA CAPITAL RECEB. IMOB. I;FLCR11;100.56;Ativa;4.9025;17.1643;203.0;50417226.04;0.9973;75359.1;;
74;45;VBI FL 4440;FVBI11;94.97;Passiva;68.9501;;0.0;0.0;;69079.0;142.9322;-1.9241
75;501;FDO INV IMOB GENERAL SEVERIANO;GESE11B;1520.0;Passiva;6.6486;1.246;55.0;86050114.26;0.9185;456000.0;;
76;707;FDO. INVEST. IMOB. VOTORANTIM PATRIMONIAL V;VTPA11;0.0;Ativa;0.0;2.4257;1.0;73451100.23;;;;
77;31;Castello Branco Office Park;CBOP11;72.54;Passiva;8.6711;1.0844;4146.0;128289370.64;0.8001;94637.66;3.3982;2.0777
78;33;Cyrela Commercial Properties;CEOC11;69.17;Passiva;7.9003;2.0527;6798.0;156996079.15;0.7999;75570.0;-6.0548;-5.1266
79;40;Edifício Castelo;FCAS11;0.0;Passiva;0.0;186.1664;2.0;80684223.04;;;;
80;509;PROLOGIS BRAZIL LOGISTICS VENTURE FDO INV IMOB;PBLV11;926.98;Ativa;8.928;5.5981;2.0;3865935530.47;0.6873;;;
81;721;PANORAMA PROPERTIES FDO. INVEST. IMOB.;PNPR11;0.0;Ativa;0.0;11.0108;13.0;57144254.28;;;;
82;132;Brazil Realty;BZLI11;14.58;Ativa;0.0;2.7259;30.0;444984851.42;1.2823;627576.46;;2.3214
83;653;DEVANT RECEBÍVEIS IMOBILIÁRIOS;DEVA11;103.56;Ativa;13.0745;31.7159;35825.0;1094095062.23;1.0362;4107095.78;;
84;579;FDO. INV. IMOB. HOUSI;HOSI11;82.19;Ativa;6.7262;12.6018;2269.0;53006213.94;0.8892;55903.76;;
85;619;LOFT II FUNDO DE INVESTIMENTO IMOBILIÁRIO;LFTT11;105.9;Ativa;6.4693;25.39;359.0;426227529.7;1.7452;1341401.42;;
86;656;MINT EDUCACIONAL;MINT11;110.0;Ativa;0.0;19.7445;65.0;63536262.93;0.9002;75789.85;;
87;17;NEWPORT RENDA URBANA FDO INV IMOB;NEWU11;35.26;Ativa;0.312;2.0293;1785.0;46662523.65;0.5607;6550.83;58.7674;
88;723;PLURAL LOGÍSTICA FDO. INV. IMOB.;PLOG11;88.49;Ativa;2.3392;4.4916;1748.0;71495543.36;0.9282;102002.59;;
89;781;PRAZO - FUNDO DE INVESTIMENTO IMOBILIÁRIO;PRZS11;0.0;Ativa;0.0;1.182;2.0;56015108.28;;;;
90;53;SP Downtown;SPTW11;61.18;Passiva;25.3841;9.3782;18264.0;93568201.37;1.1756;396372.15;29.931;-6.3131
91;739;ZION CAPITAL FUNDO DE INVESTIMENTO IMOBILIÁRIO;ZIFI11;1200.01;Ativa;0.0;2.7883;16.0;23483861.85;1.0616;47832.17;;
92;25;Torre Almirante;ALMI11;1198.71;Passiva;0.0;1.9726;3379.0;229163662.27;0.5815;68386.37;;-4.3545
93;104;Ancar CI;ANCR11B;3400.0;Ativa;1.1037;0.901;55.0;1502356203.17;1.0209;3400.0;;
94;138;Hedge Top FOFII 3;HFOF11;93.4;Ativa;7.2912;4.9299;67399.0;2158210256.54;0.9943;2995636.56;-11.6953;-0.0357
95;602;LEGATUS SHOPPINGS FDO. INV. IMOB. - FII;LASC11;91.97;Ativa;4.882;9.5297;134.0;259787014.62;0.8915;927270.62;;
96;15;Multi Properties FII;PRTS11;117.7;Ativa;0.0;21.7098;10.0;4554389.51;1471.25;;;
97;102;RB Capital Desenvolvimento Residencial II;RBDS11;20.0;Ativa;11.7707;39.1875;979.0;3067190.38;0.8251;2042.19;18.9936;-62.1898
98;57;Transinc;TSNC11;0.0;Ativa;0.0;2.5588;66.0;100050923.54;;;0.0759;
99;499;DOVEL FDO INV IMOB;DOVL11B;21.39;Ativa;40.7549;2.7791;7.0;71332997.7;0.0187;;;
100;597;FDO. INV. IMOB. MOGNO HOTEIS;MGHT11;96.3;Ativa;7.5731;7.3752;375.0;103608255.03;0.9741;54062.56;;
101;764;MORE RECEBÍVEIS IMOBILIÁRIOS FII;MORC11;0.0;Ativa;0.0;14.9213;68.0;32379414.09;;;;
102;90;Nestpar;NPAR11;17.6;Ativa;239.8193;98.9529;291.0;2134276.92;0.986;29827.54;;
103;720;PANORAMA DESENVOLVIMENTO LOGÍSTICO;PNDL11;0.0;Ativa;0.0;60.2543;46.0;9525694.98;;;;
104;59;Vila Olímpia Corporate;VLOL11;102.0;Passiva;5.1618;1.0857;4662.0;173179144.49;1.0512;110009.29;4.1326;6.0376
105;506;FDO INV IMOB - VBI LOGÍSTICO;LVBI11;104.99;Ativa;6.0642;16.1657;35797.0;1350866844.96;0.9152;2692147.32;;
106;535;FDO INV. IMOB. PLURAL RECEBIVEIS;PLCR11;94.0;Ativa;8.7234;10.3146;7201.0;203692027.38;0.9734;697012.93;;
107;514;STARX FDO INV IMOB;STRX11;8.52;Passiva;6000.9123;0.396;53.0;295213506.58;0.0005;;;
108;706;FDO. INVEST. IMOB. TOURMALET V - ED. CIDADE NOVA;TCIN11;102.11;Ativa;0.0;1.8261;128.0;114824826.95;0.7392;121332.8;;
109;642;TRX REAL ESTATE II FDO. INVEST. IMOB.;TRXB11;118.0;Passiva;6.937;3.2173;124.0;264858991.64;1.1145;1862726.68;;
110;581;TRX Real Estate;TRXF11;102.9;Ativa;7.5328;0.9346;32232.0;599741902.13;0.9676;3354206.93;;
111;732;TISHMAN SPEYER RENDA CORPORATIVA;TSER11;115.0;Ativa;1.4783;11.3455;11.0;120384149.51;1.1512;17696.2;;
112;609;VECTIS JUROS REAL FDO INV. IMOB. - FII;VCJR11;98.47;Ativa;9.0688;20.9687;6754.0;1152165501.35;0.9917;895077.39;;
113;158;Valora RE III;VGIR11;93.6;Ativa;6.0483;1.0562;22302.0;437627487.94;0.9639;748280.39;;-2.1805
114;97;JT Prev FII Desenvolvimento Habitacional;JTPR11;2517.0;Ativa;0.1203;7.2512;9.0;24056729.92;22.4612;;;
115;600;FUND. INVEST. IMOB. SUCCESPAR VAREJO;SPVJ11;0.0;Ativa;0.0;6.8865;25.0;530245018.49;;;;
116;156;Hedge TOP FOFII;TFOF11;138.0;Ativa;0.0;13.3649;3278.0;103080374.68;1.1386;;29.9801;
117;595;FDO INV IMOB VOTORANTIM SECURITIES;VSEC11;72.14;Ativa;8.7618;20.8531;54.0;6206525.8;0.7292;3371.83;;
118;736;VERSALHES RECEBÍVEIS IMOBILIÁRIOS;VSLH11;10.27;Ativa;6.5856;90.1896;16684.0;119177664.28;1.0352;2145338.95;;
119;758;VOTORANTIM SECURITIES III;VTRT11;0.0;Ativa;0.0;20.1365;499.0;1030654046.2;;;;
120;722;PARKING PARTNERS FDO. INVEST. IMOB.;VTVI11;0.0;Ativa;0.0;11.2107;1.0;68349478.94;;;;
121;708;FDO. INVEST. IMOB. VOTORANTIM PATRIMONIAL XII;VTXI11;0.0;Ativa;0.0;22.5347;2.0;3411510.35;;;;
122;575;FDO INV IMOB - V2 PROPERTIES;VVPR11;98.99;Ativa;7.3399;1.2966;1273.0;238259543.12;0.958;588218.37;;
123;20;Ourinvest RE I;WTSP11B;44.89;Ativa;4.141;3.0717;201.0;79032278.81;0.5638;10667.32;-28.326;
124;550;XP CREDITO IMOBILIÁRIO - FDO INV IMOB;XPCI11;102.95;Ativa;8.9461;7.1445;36094.0;634175410.88;1.0661;3841464.51;;
125;591;AF INVEST FDO INV. IMOB. - RECEBÍVEIS IMOB.;AFCR11;108.0;Ativa;11.6389;9.6934;1874.0;121528154.28;1.0551;226297.29;;
126;684;AF INVEST CRI;AFHI11;93.52;Ativa;2.1386;5.4301;3644.0;172958956.83;0.9666;667350.27;;
127;748;FUNDO DE INVESTIMENTO IMOBILIÁRIO DEVELOPMENT V1;LKDV11;0.0;Ativa;0.0;25.823;57.0;32696507.57;;;;
128;718;MULTIOFFICES 1;MTOF11;0.0;Ativa;0.0;1.2907;3.0;165048232.36;;;;
129;121;Polo Shopping Indaiatuba;VPSI11;0.0;Passiva;0.0;0.533;56.0;147608539.71;;;-10.1017;
130;685;ALIANZA FOF;AFOF11;100.0;Ativa;3.5417;86.7733;246.0;39074015.74;0.9396;124051.05;;
131;105;Hedge Atrium Shopping Santo André;ATSA11;102.0;Passiva;0.0;1.2035;253.0;172150140.21;1.0375;6325.26;;
132;521;FDO INV IMOB BARIGUI RENDIMENTOS IMOB I FII;BARI11;108.24;Ativa;13.5163;10.4103;27350.0;471004814.65;1.0649;2302582.98;;
133;127;BB Recebíveis Imobiliários;BBIM11;0.0;Ativa;0.0;9.8235;20.0;64624632.86;;;-13.0681;
134;79;BB Renda Corporativa;BBRC11;112.9;Passiva;10.0089;4.0449;8727.0;179470745.81;1.0003;201216.9;0.6878;-6.6908
135;641;FUNDO DE INVESTIMENTO IMOBILIÁRIO ATHENA I;FATN11;100.48;Ativa;6.26;12.2055;294.0;70356059.44;0.9323;84694.68;;
136;128;BTG Fundo de Fundos;BCFF11;79.44;Ativa;7.5737;12.5328;283571.0;2056916721.02;0.9765;5178742.07;-1.9113;1.5427
137;129;Bradesco Carteira Imobiliária Ativa;BCIA11;94.45;Ativa;8.3219;0.3082;13902.0;398917797.85;0.8806;648791.37;-4.4142;-4.0733
138;130;Banestes Recebíveis Imobiliários;BCRI11;115.79;Ativa;11.2724;11.1701;42512.0;464020207.02;1.0978;2804585.76;4.0042;3.3084
139;583;INTER TÍTULOS IMOB. FDO INV. IMOB.;BICR11;96.0;Ativa;3.2083;9.6076;602.0;49536739.3;0.969;3285.17;;
140;612;BLUECAP RENDA LOG. FDO INV. IMOB. - FII;BLCP11;99.0;Ativa;6.5241;3.591;184.0;196742723.49;0.9671;323778.56;;
141;686;BLUEMACAW CRÉDITO IMOBILIÁRIO;BLMC11;101.5;Ativa;2.4898;7.3382;28.0;40287207.57;1.0065;3368.22;;
142;30;BM Brascan Lajes Corporativas;BMLC11;92.65;Ativa;7.4409;2.6498;1578.0;106667820.94;0.8672;31321.95;15.8656;5.1467
143;80;Banrisul Novas Fronteiras;BNFS11;127.38;Ativa;9.512;4.8348;3392.0;72845514.53;1.224;42933.07;5.8096;4.2276
144;81;Brasil Plural Absoluto Fundo de Fundos;BPFF11;76.49;Ativa;8.4848;7.8381;20410.0;363414679.16;0.9455;819463.12;-5.2098;-5.3334
145;73;BR Hotéis;BRHT11B;86.8;--;0.0;0.894;11.0;151702598.74;1.0538;;;
146;640;BRIO REAL ESTATE II - FDO INV IMOB;BRIM11;1200.01;Ativa;0.0;5.4897;121.0;120489466.5;1.2363;246002.0;;
147;694;ENERGY RESORT FDO. INVEST. IMOB;EGYR11;0.0;Passiva;0.0;0.0576;21.0;93223959.69;;;;
148;49;Presidente Vargas;PRSV11;133.33;Passiva;4.1701;6.2287;1221.0;46455023.76;0.5597;13988.62;28.9223;-26.1473
149;705;FDO. INV. IMOB. REC FUNDO DE FUNDOS;RECX11;97.0;Ativa;2.9325;0.0483;362.0;17924585.06;1.0723;8854.32;;
150;78;Alianza Trust Renda Imobiliária;ALZR11;122.0;Ativa;5.1902;1.8679;93070.0;545088850.1;1.1276;1676339.22;-5.9725;9.0797
151;32;CENESP;CNES11;39.9;Passiva;5.1908;5.6531;2472.0;257410582.39;0.4571;18923.95;7.7449;-20.3629
152;155;BB Renda de Papéis Imobiliários;RNDP11;701.0;Ativa;6.3333;6.4884;865.0;82314886.55;0.9153;159457.68;-10.1323;-9.3161
153;690;BRIO REAL ESTATE III;BRIP11;1099.0;Ativa;0.0;19.9399;235.0;107018154.87;1.1126;159637.75;;
154;709;FUNDO DE INVESTIMENTO IMOBILIÁRIO BRL PROP II;BRLA11;0.0;Passiva;0.0;0.7435;84.0;137631181.91;;;;
155;677;BTG PACTUAL AGRO LOGÍSTICA;BTAL11;98.61;Ativa;2.2474;33.8504;10544.0;613212427.09;0.962;829511.8;;
156;131;BTG Pactual Crédito Imobiliário;BTCR11;94.05;Ativa;6.8387;5.618;9427.0;468152081.69;0.9663;1230062.71;-6.4739;
157;70;BTG PACTUAL LOGISTICA FDO INV IMOB - FII;BTLG11;110.5;Ativa;6.4796;27.0968;123114.0;1545897003.37;1.0886;6331829.51;17.209;16.3753
158;779;FDO INV IMOB BTG PACTUAL TERRAS AGRÍCOLAS;BTRA11;96.1;Ativa;0.0029;100.014;7275.0;336290134.74;0.9615;1695638.0;;
159;692;BTSP I FDO. INVEST. IMOB;BTSG11;0.0;Ativa;0.0;0.9152;52.0;72613837.12;;;;
160;82;Brasil Varejo;BVAR11;0.0;Passiva;0.0;0.8708;69.0;680173321.92;;;11.7248;
161;39;Edifício Almirante Barroso;FAMB11B;1203.5;Passiva;7.1872;8.1828;3555.0;365424035.32;0.3452;74881.76;-9.8241;-18.8132
162;134;BTG Pactual Fundo de CRI;FEXC11;90.14;Ativa;8.8903;49.0206;17462.0;567938321.66;0.9687;943108.02;-5.6342;-6.4217
163;141;Kinea Rendimentos Imobiliários;KNCR11;92.57;Ativa;4.0078;10.1466;67977.0;3869688643.01;0.9352;5303508.02;-19.1118;-4.4454
164;571;LOGCP INTER FDO INV IMOB;LGCP11;89.56;Ativa;6.8111;0.591;10092.0;270064177.99;0.9063;289815.32;;
165;505;LOFT I - FDO INV IMOB;LOFT11B;29.9;Ativa;8.7575;24.7569;116.0;208737264.72;0.4121;2138.0;;
166;13;Maxi Renda;MXRF11;10.24;Ativa;8.3984;21.7586;416044.0;2260292862.71;1.024;8702587.98;2.44;0.5263
167;752;NAVI IMOBILIÁRIO TOTAL RETURN;NAVT11;80.15;Ativa;1.9339;12.3436;2170.0;99247563.36;0.8516;443187.76;;
168;582;Newport Logística;NEWL11;106.5;Ativa;9.7465;11.1093;1587.0;216809218.22;0.9988;180546.1;;
169;713;IFI-D FUNDO DE INVESTIMENTO IMOBILIARIO;IFID11;86.8;Passiva;3.5484;1.1611;2077.0;67760427.7;0.9584;112077.34;;
170;625;IFI-E FUNDO DE INVESTIMENTO IMOBILIARIO - FII;IFIE11;82.7;Passiva;3.4462;1.2181;6172.0;77156683.58;0.9652;57260.34;;
171;112;Shopping Jardim Sul;JRDM11;64.01;Passiva;2.845;2.643;5397.0;221416032.56;0.7294;91323.95;-10.1546;-2.9886
172;10;JS Real Estate Multigestão;JSRE11;90.15;Ativa;7.0438;1.1098;44934.0;2354869865.71;0.795;2478950.85;-2.064;-4.2515
173;98;Even Permuta Kinea;KINP11;13.7;Ativa;6.2163;9.4964;480.0;59156614.23;1.6546;1548.08;;
174;142;Kinea High Yield CRI;KNHY11;108.98;Ativa;11.0663;2.3809;6638.0;1083254957.1;1.0755;1925971.56;20.8673;
175;126;HAZ;ATCR11;0.0;Ativa;0.0;0.7828;33.0;72860726.4;;;;
176;110;Via Parque Shopping;FVPQ11;129.99;Passiva;2.5633;1.0479;5259.0;548434490.15;0.6637;111595.27;-5.9487;-20.8345
177;663;GUARDIAN LOGISTICA;GALG11;109.8;Ativa;5.25;0.0024;4368.0;588721429.27;1.0469;1722573.41;;
178;623;GALAPAGOS FDO DE FDO - FII FDO INV. IMOB.;GCFF11;88.0;Ativa;10.6023;2.5501;1543.0;31517178.39;0.9454;96196.78;;
179;711;GALAPAGOS RECEBÍVEIS IMOBILIÁRIOS;GCRI11;100.6;Ativa;5.9145;1.5862;330.0;87271038.43;0.992;133632.02;;
180;617;PARQUE ANHANGUERA FDO. INVEST. IMOB.;PQAG11;61.99;Ativa;13.0778;1.5881;394.0;795709147.52;1.09;175458.15;;
181;616;FDO. INV. IMOB. VBI PRIME PROPERTIES;PVBI11;95.0;Ativa;5.2221;6.5225;34781.0;972853193.39;0.9491;2377129.22;;
182;695;ESTOQUE RESIDENCIAL E COMERCIAL RJ;ERCR11;77550.0;Passiva;5.7903;0.0502;10.0;196172390.82;0.9393;4577773.86;;
183;5;Continental Square Faria Lima;FLMA11;135.0;Ativa;3.8148;2.2939;22398.0;214739933.89;0.868;219391.2;-14.8783;5.8442
184;703;FDO. INV. IMOB. A–TOWN;ATWN11;0.0;Passiva;0.0;0.64;2.0;93106600.74;;;;
185;34;Centro Têxtil Internacional;CTXT11;23.15;Passiva;10.4536;0.7351;4121.0;125384663.85;0.479;17206.76;-23.8022;78.5057
186;150;JHSF Rio Bravo Fazenda Boa Vista Capital Protegido;RBBV11;100.0;Passiva;35.3416;1.0122;3475.0;126470249.69;0.9917;239178.74;75.4021;17.1484
187;92;Rio Bravo Crédito Imobiliário I;RBCB11;19.0;Ativa;0.0;;462.0;0.0;;;-15.0371;-57.0614
188;699;FDO INV IMOB CJ;CJFI11;0.0;Ativa;0.0;0.4183;1.0;98041206.03;;;;
189;727;RIO BRAVO CRÉDITO IMOB. HIGH YIELD;RBHY11;104.5;Ativa;5.1866;127.8375;431.0;61862338.69;1.0136;131919.22;;
190;604;RB CAPITAL DESENV. RESIDENCIAL IV FDO. INV. IMOB.;RBIR11;76.02;Ativa;0.0;43.2666;1219.0;146952323.46;0.7908;85973.05;;
191;606;RIO BRAVO CRÉDITO IMOB IV FDO INV IMOB - FII;RBIV11;87.29;Ativa;8.3059;8.1328;4451.0;163252826.11;0.9237;552392.32;;
192;725;RB CAPITAL LOGÍSTICO;RBLG11;100.99;Ativa;2.0886;2.0883;69.0;71867318.88;0.8996;28248.54;;
193;16;RB Capital Renda II;RBRD11;56.9;Passiva;6.6359;3.8456;11898.0;132625901.91;0.7927;97662.49;17.9592;-12.6744
194;151;RBR ALPHA MULTIESTRATÉGIA REAL ESTATE FDO INV IMOB;RBRF11;81.1;Ativa;9.5472;10.0013;74327.0;1204492628.06;0.92;3260778.24;-3.7554;-6.783
195;510;FDO INV IMOB RBR PRIVATE CRÉDITO IMOB;RBRY11;102.5;Ativa;8.6393;14.3776;9991.0;349727538.67;0.9947;584011.61;;
196;154;Socopa Fundo de Investimento Imobiliário;REIT11;900.0;Ativa;8.5154;36.7328;60.0;33437373.48;0.7076;2040.0;;
197;660;REC LOGISTICA;RELG11;89.11;Ativa;5.9993;31.1175;3724.0;128733540.44;0.9238;207779.63;;
198;756;SUNO FUNDO DE FUNDOS;SNFF11;100.0;Ativa;0.53;30.5011;27509.0;240192510.51;1.0408;1572255.61;;
199;2;Brazilian Graveyard and Death Care;CARE11;0.73;Ativa;1.7232;1.407;12159.0;288226960.59;0.4534;337419.59;;-23.0159
200;548;TREECORP REAL ESTATE FDO INV IMOB - I;TCPF11;1.26;Ativa;1242.0635;9.9439;52.0;32571309.28;0.0115;;;
201;547;TELLUS PROPERTIES - FDO INV. IMOB;TEPP11;81.56;Ativa;7.0255;0.2736;8207.0;398918056.56;0.8632;702751.51;;
202;95;TG Ativo Real;TGAR11;133.0;Ativa;10.5188;37.3191;75147.0;1487042542.65;1.0115;5063497.46;12.1421;
203;29;Brasilio Machado;BMII11;0.0;Ativa;0.0;0.1147;12.0;68958972.13;;;;
204;532;FDO INV IMOB BTG PACTUAL SHOPPINGS;BPML11;85.5;Ativa;1.3866;5.8323;1273.0;571062941.36;0.6446;156016.12;;
205;607;URCA PRIME RENDA FUNDO DE INVESTIMENTO IMOBILIÁRIO;URPR11;126.7;Ativa;19.3189;7.7476;10843.0;164441546.42;1.2782;3207533.05;;
206;610;VINCI INSTRUMENTOS FINANCEIROS FDO INV IMOB - FII;VIFI11;86.81;Ativa;8.5727;4.8682;4531.0;269339375.89;0.9123;456567.2;;
207;517;VINCI LOGÍSTICA FDO INV IMOB;VILG11;116.35;Ativa;5.742;5.6509;138331.0;1712539409.11;1.0127;4230417.9;;
208;549;VINCI OFFICES FDO INV IMOB;VINO11;60.0;Ativa;8.1131;3.4881;79771.0;756120700.67;1.0082;2156391.15;;
209;120;Vinci Shopping Centers;VISC11;112.25;Ativa;3.7906;0.6241;195016.0;1705672539.2;0.9392;2809407.2;-15.5348;3.0584
210;784;VINCI IMÓVEIS URBANOS;VIUR11;93.31;Ativa;0.6966;19.4325;3000.0;260567762.54;0.9649;345403.46;;
211;71;Votorantim Logística;VTLT11;105.0;Ativa;8.432;1.2464;5533.0;216198975.83;1.0272;319968.73;0.0508;
212;596;FDO INV. IMOB. PLUS;VTPL11;0.0;Passiva;0.0;0.3627;56.0;113939170.73;;;;
213;611;VX XVI - FDO INV. IMOB.;VXXV11;721.5;Ativa;2.237;1.8009;5.0;25290452.82;1.4835;1718479.67;;
214;122;Shopping West Plaza;WPLZ11;63.0;Passiva;0.1587;0.8351;1928.0;105331727.55;0.6105;16861.07;22.1004;2.6592
215;529;FDO INV IMOB - FII BRLPROP;BPRP11;113.0;Passiva;8.1873;0.0716;195.0;145791576.89;1.0462;25728.67;;
216;526;CAIXA RIO BRAVO FDO DE FDOS INV IMOB II;CRFF11;72.88;Ativa;7.2448;0.5395;1869.0;61365398.38;0.8195;39118.41;;
217;26;BB Progressivo;BBFI11B;2500.0;Passiva;12.1826;8.1448;7928.0;329005032.61;0.9878;432346.2;1.5091;6.7003
218;536;FDO INV. IMOB. VBI CRI;CVBI11;103.95;Ativa;12.3136;63.3537;33546.0;595317841.23;1.0401;3624650.68;;
219;83;Caixa Cedae;CXCE11B;89.9;Passiva;11.9642;5.8289;2984.0;138989389.34;1.108;62167.41;5.3398;-0.0371
220;704;FDO. INV. IMOB. CAIXA IMÓVEIS CORPORATIVOS;CXCO11;100.44;Ativa;1.9533;0.9012;13179.0;393310347.26;1.0022;427812.05;;
221;3;Caixa Rio Bravo;CXRI11;74.26;Ativa;10.0987;0.549;3030.0;143766078.73;0.8139;70056.05;-4.8299;-57.2431
222;519;XP HOTÉIS - FDO INV IMOB;XPHT11;90.15;Ativa;0.0;0.6746;1588.0;330939050.81;1.0364;34872.59;;
223;519;XP HOTÉIS - FDO INV IMOB;XPHT12;57.17;Ativa;0.0;0.6746;1588.0;330939050.81;0.6573;35467.21;;
224;96;XP Industrial;XPIN11;100.26;Ativa;7.4576;4.935;52090.0;730767593.24;0.904;1406084.32;-2.6195;
225;72;XP Log;XPLG11;110.0;Ativa;6.4331;14.7446;266511.0;2995160101.69;0.9944;5950629.07;-2.4364;4.6106
226;123;XP Malls;XPML11;102.3;Ativa;3.8986;2.7475;250498.0;1914849715.41;0.9727;3983583.07;-15.5484;1.7367
227;551;XP PROPERTIES FDO. INV. IMOB.;XPPR11;70.31;Ativa;9.8428;3.4255;42758.0;627568865.87;0.8232;1646199.24;;
228;585;XP SELECTION FDO DE FUNDOS INV IMOB - FII;XPSF11;94.31;Ativa;9.49;6.2384;19459.0;401337388.51;1.0176;1406321.24;;
229;61;TRX Edifícios Corporativos;XTED11;6.9;Ativa;0.0;0.4557;4899.0;25791388.88;0.4953;13714.29;;-28.2752
230;525;BRESCO LOGÍSTICA - FDO INV IMOB;BRCO11;106.72;Ativa;6.1376;2.3992;38383.0;1602620953.09;0.9841;4325874.49;;
231;1;BTG Pactual Corporate Office;BRCR11;81.4;Ativa;6.9436;1.0343;127422.0;2872016394.48;0.755;2704870.44;-27.8802;-2.8587
232;662;BB FUNDO DE FUNDOS;BBFO11;83.01;Passiva;3.4936;1.2344;3807.0;360330864.4;0.9224;112610.12;;
233;28;CIDADE JARDIM CONTINENAL TOWER;CJCT11;59.99;Passiva;0.0;0.9441;1538.0;182458042.21;0.891;350388.87;;10.0581
234;27;BB Progressivo II;BBPO11;115.46;Passiva;11.2374;4.8907;65692.0;1531018537.44;1.1995;1705302.15;1.8926;-4.147
235;687;BLUEMACAW LOGÍSTICA;BLMG11;102.3;Ativa;4.0811;3.9317;3248.0;379648621.85;1.0268;1099099.37;;
236;763;CANVAS CRI;CCRF11;0.0;Ativa;0.0;71.4615;12.0;157472858.79;;;;
237;592;BLUEMACAW OFFICE FUND II - FDO. INVEST. IMOB.;BLMO11;26004.5;Ativa;0.0;9.7557;95.0;97694692.43;1.0107;52009.0;;
238;688;BLUEMACAW RENDA + FOF;BLMR11;81.47;Ativa;3.621;2.4707;3960.0;232833007.62;0.8937;1133493.05;;
239;593;BRAZIL REAL ESTATE VICTORY FUND I - FDO. INV. IMOB;BREV11;115.99;Ativa;4.4659;1.6684;78.0;98185654.03;1.1026;229.17;;
240;37;Edifício Ouroinvest;EDFO11B;254.0;Passiva;6.7682;1.2612;581.0;50091327.59;1.1967;23657.41;-6.9083;-3.8781
241;38;Edifício Galeria;EDGA11;27.45;Passiva;7.4874;0.6373;7382.0;300289821.16;0.3485;57678.59;-10.5409;-10.994
242;124;Áquilla;AQLL11;385.03;Ativa;0.0;0.0;37.0;145293284.59;0.2603;641.83;;3.0846
243;84;Anhanguera Educacional;FAED11;159.0;Passiva;9.3192;1.5315;5217.0;137369055.33;0.7433;114724.61;-6.6096;-8.2525
244;85;Campus Faria Lima;FCFL11;112.99;Passiva;6.2504;0.5227;4478.0;352507145.84;1.1135;386776.93;0.746;5.8731
245;500;FDO INV IMOB SC 401;FISC11;165.0;Ativa;0.6477;0.2928;66.0;254740992.29;1.0641;33000.0;;
246;552;RIZA ARCTIUM REAL ESTATE FDO INV IMOB;ARCT11;106.0;Ativa;20.0884;50.2483;5951.0;164991794.92;1.0254;702970.17;;
247;125;Áquilla Renda;ARFI11B;479.99;Ativa;0.0;0.3712;28.0;134354730.49;0.4075;;;
248;44;Pedra Negra Renda Imobiliária;FPNG11;0.0;Ativa;0.0;1.0763;50.0;165221512.02;;;-14.7529;
249;6;Oportunity;FTCE11B;2950.01;Ativa;12.1662;7.3515;57.0;2337001531.5;1.1064;;;
250;145;NCH EQI HIGH YIELD RECEBÍVEIS IMOB;EQIN11;95.0;Ativa;10.8014;16.9975;6617.0;134192234.05;1.0208;392064.9;-35.329;
251;63;EUROPAR;EURO11;206.72;Passiva;7.3384;1.8153;2470.0;108916955.34;0.7287;71174.63;19.9496;5.31
252;734;VBI CONSUMO ESSEN;EVBI11;99.0;Ativa;3.2323;2.4311;122.0;109870836.84;0.9754;18909.57;;
253;538;FDO. INV. IMOB. ÁTRIO REIT RECEBÍVEIS IMOBILIÁRIOS;ARRI11;113.0;Ativa;10.0879;36.5256;3678.0;64588915.01;1.1781;200710.27;;
254;630;CF2 FUNDO DE INVESTIMENTO IMOBILIÁRIO;CFHI11;0.0;Ativa;0.0;30.8811;57.0;78765419.15;;;;
255;86;Habitat I;HBTT11;1055.0;Ativa;3.6569;;0.0;0.0;;37746.53;;
256;689;BRIO CRÉDITO ESTRUTURADO;BICE11;0.0;Ativa;0.0;113.0568;89.0;433058.49;;;;
257;747;HECTARE RECEBÍVEIS HIGH GRADE;HCHG11;98.99;Ativa;0.788;423.8365;243.0;7248488.71;1.0242;90930.85;;
258;21;Hospital da Criança;HCRI11;416.17;Passiva;8.4686;0.5787;3198.0;60866768.76;1.3675;57060.24;6.586;9.1985
259;580;CAPITÂNIA REIT FOF - FDO. INVEST. IMOB;CPFF11;81.5;Ativa;9.2393;1.9403;12506.0;320607034.13;1.0102;1101252.24;;
260;4;Industrial do Brasil;FIIB11;490.0;Passiva;6.902;1.4053;17621.0;302576317.04;1.1093;489458.41;2.1276;7.5564
261;64;RB Capital Renda I;FIIP11B;193.42;Passiva;6.0519;2.8019;9086.0;184974107.19;0.9695;138422.46;-11.9667;1.2236
262;65;Infra Real State;FINF11;0.0;Ativa;0.0;0.7986;4.0;83649849.75;;;;
263;135;São Domingos;FISD11;0.0;Ativa;0.0;0.0003;25.0;119260695.95;;;;
264;691;BTOWERS FII;BTWR11;107.1;Passiva;0.5229;2.906;7.0;86069876.37;1.0071;249.0;;
265;693;DEL MONTE AJAX FDO INV IMOB;DLMT11;0.0;Ativa;0.0;2.4272;9.0;13885169.74;;;;
266;524;HECTARE CE - FDO INV IMOB;HCTR11;134.97;Ativa;18.3152;23.471;107060.0;1697282920.93;1.1578;10922919.51;;
267;778;FDO DE INV IMOBILIÁRIO DE CRI INTEGRAL BREI;IBCR11;0.0;Ativa;0.0;38.1553;258.0;66956540.61;;;;
268;667;EVEN II KINEA;KEVE11;999.99;Passiva;0.0;10.9443;383.0;148750650.42;0.9929;32220.69;;
269;504;FUNDO DE FDO INV IMOB KINEA FII;KFOF11;90.0;Ativa;7.1333;1.1823;7284.0;455204278.12;0.8963;729592.56;;
270;528;EUROPA 105 - FDO INV IMOB;ERPA11;140.0;Passiva;0.0;0.0902;12.0;53131812.62;1.3072;140.0;;
271;701;FDO INV IMOB POLO ESTOQUE II;ESTQ11;0.0;Ativa;0.0;19.186;5.0;20690913.49;;;;
272;140;Iridium Recebíveis Imobiliários;IRDM11;117.89;Ativa;12.2018;10.6725;169216.0;2139700639.92;1.2121;9841472.98;13.7735;10.7395
273;88;Max Retail;MAXR11;85.05;Ativa;9.0882;1.5106;3147.0;132496118.28;0.7225;145225.39;-6.733;-5.4183
274;89;Mercantil do Brasil;MBRF11;881.0;Ativa;10.2327;3.8742;2830.0;116103986.52;0.7714;51434.07;-2.7447;-4.5773
275;537;FDO INV. MAUA CAPITAL RECEBIVEIS IMOB. - FII;MCCI11;103.9;Ativa;7.9885;3.6413;47083.0;903541438.77;1.0266;3452355.07;;
276;497;DIAMANTE FDO INV IMOB;DAMT11B;0.0;Passiva;0.0;0.0353;51.0;106979687.74;;;;
277;780;FDO. INVEST. IMOB. DEVANT FOF IMOBILIÁRIOS;DVFF11;99.99;Ativa;0.0;12.225;162.0;58760323.42;1.0499;10033262.0;;
278;109;Floripa Shopping;FLRP11;1285.0;Passiva;4.192;1.5446;963.0;108515020.81;0.7725;18008.71;-16.0297;1.3317
279;106;Eldorado;ELDO11B;762.38;Passiva;6.1374;0.1397;61.0;973616409.07;0.6165;;-3.0641;
280;66;GGR Covepi Renda;GGRC11;123.3;Ativa;7.0235;13.9555;94829.0;966425568.63;0.9899;1914479.51;-2.7306;0.4914
281;670;KILIMA FIC FDO. IMOB. SUNO 30;KISU11;9.88;Ativa;4.3826;25.2393;23660.0;424947504.11;0.1028;1615165.78;;
282;710;HBC RENDA URBANA;HBCR11;105.0;Ativa;4.5604;3.901;7.0;25339121.01;1.1229;7921.33;;
283;599;FDO.INVEST. IMOB. MULTI RENDA URBANA;HBRH11;98.0;Ativa;8.1772;20.8065;955.0;245681971.26;0.8958;347324.59;;
284;139;CGHG Recebíveis Imobiliários;HGCR11;105.95;Ativa;7.5979;5.5731;58431.0;1278167991.36;1.0256;3189588.17;-4.5605;-1.8486
285;527;CSHG IMOB. FOF - FDO INV. IMOB. - FII;HGFF11;81.83;Ativa;8.371;4.3327;8783.0;266183939.08;0.8804;485606.71;;
286;712;HGI CRÉDITOS IMOBILIÁRIOS;HGIC11;107.3;Ativa;2.246;0.1122;158.0;21961867.74;1.0368;240782.53;;
287;68;CGHG Logística;HGLG11;169.27;Ativa;7.4851;7.7882;281184.0;2703569719.36;1.1543;7901252.61;12.0757;10.4081
288;503;CSHG PRIME OFFICES FDO INV IMOB;HGPO11;228.84;Passiva;5.4449;5.475;10010.0;422759429.14;0.9489;293883.61;;
289;632;HSI ATIVOS FINANCEIROS FUNDO DE INVESTIMENTO IMOBI;HSAF11;100.3;Ativa;7.4377;38.1205;4352.0;170907618.09;1.0409;428612.27;;
290;87;Hospital Unimed Sul Capixaba;HUSC11;128.0;Passiva;6.8438;1.123;680.0;103527668.31;0.9824;10098.27;;
291;9;JPP Capital;JPPC11;402.0;Ativa;8.3451;5.6167;78.0;29085186.56;0.7602;;;-12.4961
292;655;MOGNO CRI HIGH GRADE;MGCR11;93.48;Ativa;6.8406;4.0219;1780.0;134876155.28;0.9858;139127.39;;
293;751;MOGNO LOGÍSTICA FUNDO DE INVEST. IMOBILIARIO;MGLG11;0.0;Ativa;0.0;6.4381;17.0;65087212.12;;;;
294;749;LESTE RIVA EQUITY PREFERENCIAL I;LSPA11;0.0;Ativa;0.0;1.4274;220.0;40228337.91;;;;
295;574;LUGGO FDO. INV. IMOB.;LUGG11;93.25;Ativa;6.252;0.7262;4377.0;112212711.59;0.7479;47978.8;;
296;700;FDO INV IMOB MV9;MVFI11;0.0;Ativa;0.0;0.0926;1.0;136950448.95;;;;
297;23;Novo Horizonte;NVHO11;12.1;Ativa;8.2892;0.9648;2549.0;513660536.8;0.9774;2901.32;11.6263;-4.7454
298;91;FII NOVA I;NVIF11B;227.5;Ativa;1.3028;342.9869;7.0;53778644.88;1.4273;;;
299;719;MULTIOFFICES 2 - FDO. INV. IMOB.;MOFF11;0.0;Ativa;0.0;1.867;3.0;197087591.03;;;;
300;146;Ouro Preto Desenvolvimento Imobiliário I;ORPD11;132.5;Ativa;0.0;0.0002;29.0;43195265.41;0.8896;3019.5;;4.4099
301;508;PÁTRIA EDIFÍCIOS CORPORATIVOS FDO INV IMOB;PATC11;67.25;Ativa;5.368;1.0881;13090.0;298816888.03;0.7826;358417.41;;
302;149;Polo Recebíveis Imobiliários II;PORD11;100.11;Ativa;10.2822;53.5365;12100.0;370159120.25;1.0084;701423.07;;0.7126
303;114;Parque Dom Pedro Shopping Center;PQDP11;2295.02;Passiva;3.2811;0.5474;4150.0;866403867.62;0.6317;332097.78;-12.9726;-6.9648
304;101;Lateres;PRSN11B;0.69;Ativa;3.9666;12.5846;1376.0;23294463.73;1.5333;11958.76;;
305;605;RBR LOG FUNDO DE INVESTIMENTO IMOBILIÁRIO;RBRL11;105.32;Ativa;7.8304;10.689;5979.0;720207810.79;0.9779;1490449.44;;
306;530;FDO INV IMOB - FII RBR DESENVOLVIMENTO;RBRM11;94794.81;Ativa;84.8214;13.4318;54.0;74559218.45;0.6853;;;
307;93;RBR Properties;RBRP11;80.79;Ativa;7.2534;25.2418;89046.0;1042431997.69;0.9439;2327479.9;-3.1405;
308;638;RIO BRAVO RENDA RESIDENCIAL FDO. INVEST. IMOB.;RBRS11;74.0;Ativa;3.8108;16.987;1176.0;100766448.42;0.7672;38613.48;;
309;545;RB CAPITAL TFO SITUS FDO INV IMOB - FII;RBTS11;1000.0;Ativa;0.0;8.0976;56.0;59318115.55;0.9529;;;
310;494;Rio Bravo Renda Varejo;RBVA11;114.25;Ativa;9.5317;3.0851;41561.0;1317979877.14;1.0046;1285344.88;3.0894;4.1156
311;153;BB Renda de Papeis Imobiliários II;RDPD11;68.5;Ativa;7.177;2.0817;780.0;76735767.54;0.9623;153270.1;-0.0253;-10.485
312;157;FII REC Recebíveis Imobiliários;RECR11;105.48;Ativa;13.3875;19.1643;91384.0;1855452501.8;1.1017;9240349.39;5.1788;1.7909
313;513;FDO INV IMOB - FII UBS (BR) OFFICE;RECT11;80.53;Ativa;10.2446;0.795;76666.0;761018357.05;0.8655;1585875.24;;
314;594;FDO INV IMOB - FII PATEO BANDEIRANTES;PATB11;0.0;Ativa;0.0;6.5389;59.0;550847031.08;;;;
315;542;QUASAR AGRO - FDO INV. IMOB.;QAGR11;52.9;Ativa;8.8363;0.3969;18174.0;301152498.61;0.8854;575316.63;;
316;724;QUASAR CRÉDITO IMOBILIÁRIO;QAMI11;90.03;Ativa;2.2548;26.3043;601.0;75481486.83;0.9558;26824.12;;
317;628;QUATA IMOB FUNDO DE FUNDOS;QIFF11;101.0;Passiva;6.5941;23.2484;152.0;14008814.72;1.0815;8452.31;;
318;598;FDO. INVEST. IMOB. RB CAPITAL I FUNDO DE FUNDOS;RFOF11;81.85;Ativa;8.4484;1.8502;4102.0;96126586.08;0.918;275507.27;;
319;668;REAG MULTI ATIVOS IMOBILIÁRIOS;RMAI11;38.09;Passiva;0.0;0.0318;1158.0;269460438.3;0.3455;4748.65;;
320;75;Rio Bravo Crédito Imobiliário II;RBVO11;12.2;--;6.6807;3.48;2064.0;11050429.66;0.5696;4674.71;-41.9088;-40.5283
321;511;GRUPO RCFA FDO INV IMOB;RCFA11;0.69;Passiva;0.0;0.6382;3617.0;18263993.0;0.4423;165189.2;;
322;615;RBR DESENV COMERCIAL FEEDER FOF FDO INVEST IMOB;RCFF11;103.0;Ativa;4.9612;9.1851;81.0;31394660.98;1.0603;1203.77;;
323;41;FDO INV IMOB RIO BRAVO RENDA CORPORATIVA;RCRB11;152.5;Ativa;6.4262;3.63;29877.0;730924305.45;0.77;603380.0;13.1217;-2.2949
324;512;RB CAPITAL RENDIMENTOS IMOB FDO INV IMOB;RCRI11B;1200.0;Ativa;3.8336;15.1711;149.0;52178439.39;1.1732;1200.0;;
325;50;Rio Negro;RNGO11;62.52;Passiva;7.9495;1.5353;15946.0;270865817.47;0.6177;187220.61;-5.2891;-6.7487
326;608;VBI REITS FOF - FDO. INV. IMOB;RVBI11;90.55;Ativa;8.7576;4.6718;10995.0;131071384.56;0.9948;420509.63;;
327;152;RBR Rendimento High Grade;RBRR11;98.6;Ativa;7.6106;27.3543;73712.0;1030670291.18;0.9914;3011214.02;-1.8422;1.2475
328;754;FUNDO DE INVESTIMENTO IMOBILIÁRIO ROOFTOP I;ROOF11;0.0;Ativa;0.0;34.2301;31.0;44348957.59;;;;
329;543;RB CAPITAL DESENV RESID III FDO INV IMOB - FII;RSPD11;1100.0;Ativa;0.0;9.8902;105.0;170831520.31;0.9593;26438.75;;
330;669;RIZA AKIN;RZAK11;98.5;Ativa;3.5002;2.1135;6815.0;290776939.17;1.0168;1542125.83;;
331;644;FUNDO DE INVESTIMENTO IMOBILIÁRIO RIZA TERRAX;RZTR11;96.65;Ativa;6.1873;50.9561;30793.0;1083824159.24;0.9852;3479011.39;;
332;546;SANTANDER PAPEIS IMOB CDI FDO INV IMOB;SADI11;84.05;Ativa;2.9923;2.5921;2844.0;319404662.16;0.8368;520170.76;;
333;51;Sia Corporate;SAIC11B;39.52;Passiva;0.0;5.5464;53.0;77701071.93;0.7271;39.0;;
334;735;VENUS - FUNDO DE INVESTIMENTO IMOBILIÁRIO;SALI11;0.0;Passiva;0.0;3.2289;2.0;7900950.35;;;;
335;587;SANTANDER RENDA DE ALUGUÉIS FDO. INVEST. IMOB.;SARE11;93.5;Ativa;5.4746;45.0154;7592.0;535790101.03;0.9344;911875.07;;
336;755;FRAM CAPITAL SBCLOG;SBCL11;0.0;Ativa;0.0;135.2412;1.0;35073162.93;;;;
337;116;SCP;SCPF11;9.0;Ativa;2.1407;2.0074;4611.0;53208330.75;0.7103;10644.88;-25.4099;-8.8902
338;69;SDI Logística Rio;SDIL11;93.3;Ativa;7.4384;11.0895;48048.0;643869641.19;0.9267;1041184.85;-3.3209;1.5852
339;728;SEQUOIA III RENDA IMOBILIÁRIA;SEQR11;80.02;Ativa;4.216;4.6636;1199.0;157879312.0;0.7511;238083.83;;
340;52;São Fernando;SFND11;83.07;Passiva;103.648;13.6327;55.0;17613490.09;4.6279;;114.5219;
341;117;Shopping Parque Dom Pedro;SHDP11B;0.0;Passiva;0.0;1.0828;3.0;2154810090.61;;;-15.3744;
342;18;Multi Shoppings;SHOP11;100.0;Ativa;0.0;3.1194;11.0;88378243.01;1.6762;;;
343;118;Shopping Patio Higienopolis;SHPH11;807.0;Passiva;3.4885;0.4134;3105.0;501304789.65;0.9803;150934.85;-11.6704;-5.9161
344;729;SJ AU LOGÍSTICA;SJAU11;116.85;Passiva;0.0;0.5568;115.0;792829946.61;1.1691;22221565.0;;
345;54;TB Office;TBOF11;15.56;Passiva;0.0;67.6132;9157.0;1243287.32;129.6667;;72.2209;-40.5353
346;516;FDO INV IMOB TOURMALET II;TOUR11;125.48;Ativa;25.5775;5.0645;237.0;105923201.59;0.2249;42759.77;;
347;56;Torre Norte;TRNT11;129.64;Passiva;4.3898;0.4819;758.0;814396085.09;0.6265;20851.63;-8.9214;-11.6542
348;757;VECTIS RENDA RESIDENCIAL;VCRR11;100.0;Ativa;0.67;14.2951;1858.0;195770763.2;1.0216;48046.74;;
349;19;Vereda;VERE11;233.49;Ativa;9.3601;7.7384;54.0;172703163.23;0.7437;;6.0961;
350;733;VALORA HEDGE FUND;VGHF11;9.95;Ativa;3.8191;0.9988;7845.0;159232391.41;1.029;729892.93;;
351;590;VALORA CRI ÍNDICE DE PREÇO FDO INVEST. IMOB. FII;VGIP11;102.78;Ativa;11.8408;3.7773;34858.0;632696404.43;1.0759;3274044.02;;
352;737;VIC DESENVOLVIMENTO VINTAGE 20/21;VIDS11;0.0;Ativa;0.0;4.5061;488.0;42765252.32;;;;
353;782;JFDCAM FUNDO DE INVESTIMENTO IMOBILIÁRIO FII;VJFD11;0.0;Ativa;0.0;4.6212;97.0;523641724.76;;;;
354;783;R CAP 1810 FUNDO DE FUNDOS;XBXO11;0.0;Ativa;0.0;99.8415;1.0;30000000.0;;;;
355;738;YUCA FDO INV. IMOB.;YUFI11;0.0;Ativa;0.0;1.8786;9.0;37581481.17;;;;
